<annotation>
	<folder>Crown_216</folder>
	<filename>00a6d02bc83f8ae7.jpg</filename>
	<path>/home/mobin/PycharmProjects/CI-semester-project/raw_dataset/Crown_216/00a6d02bc83f8ae7.jpg</path>
	<source>
		<database>Unknown</database>
	</source>
	<size>
		<width>216</width>
		<height>216</height>
		<depth>3</depth>
	</size>
	<segmented>0</segmented>
	<object>
		<name>Crown</name>
		<pose>Unspecified</pose>
		<truncated>0</truncated>
		<difficult>0</difficult>
		<bndbox>
			<xmin>50</xmin>
			<ymin>29</ymin>
			<xmax>69</xmax>
			<ymax>46</ymax>
		</bndbox>
	</object>
	<object>
		<name>Crown</name>
		<pose>Unspecified</pose>
		<truncated>0</truncated>
		<difficult>0</difficult>
		<bndbox>
			<xmin>110</xmin>
			<ymin>4</ymin>
			<xmax>129</xmax>
			<ymax>21</ymax>
		</bndbox>
	</object>
	<object>
		<name>Crown</name>
		<pose>Unspecified</pose>
		<truncated>0</truncated>
		<difficult>0</difficult>
		<bndbox>
			<xmin>140</xmin>
			<ymin>23</ymin>
			<xmax>158</xmax>
			<ymax>42</ymax>
		</bndbox>
	</object>
</annotation>
