<annotation>
	<folder>Sandal_216</folder>
	<filename>00a71b5902b62173.jpg</filename>
	<path>/home/mobin/PycharmProjects/CI-semester-project/raw_dataset/Sandal_216/00a71b5902b62173.jpg</path>
	<source>
		<database>Unknown</database>
	</source>
	<size>
		<width>216</width>
		<height>216</height>
		<depth>3</depth>
	</size>
	<segmented>0</segmented>
	<object>
		<name>Sandal</name>
		<pose>Unspecified</pose>
		<truncated>0</truncated>
		<difficult>0</difficult>
		<bndbox>
			<xmin>83</xmin>
			<ymin>89</ymin>
			<xmax>203</xmax>
			<ymax>170</ymax>
		</bndbox>
	</object>
	<object>
		<name>Sandal</name>
		<pose>Unspecified</pose>
		<truncated>0</truncated>
		<difficult>0</difficult>
		<bndbox>
			<xmin>21</xmin>
			<ymin>33</ymin>
			<xmax>108</xmax>
			<ymax>109</ymax>
		</bndbox>
	</object>
</annotation>
