<annotation>
	<folder>Earrings_216</folder>
	<filename>00c34c9d4243fea7.jpg</filename>
	<path>/home/mobin/PycharmProjects/CI-semester-project/raw_dataset/Earrings_216/00c34c9d4243fea7.jpg</path>
	<source>
		<database>Unknown</database>
	</source>
	<size>
		<width>216</width>
		<height>216</height>
		<depth>1</depth>
	</size>
	<segmented>0</segmented>
	<object>
		<name>Earrings</name>
		<pose>Unspecified</pose>
		<truncated>0</truncated>
		<difficult>0</difficult>
		<bndbox>
			<xmin>28</xmin>
			<ymin>121</ymin>
			<xmax>41</xmax>
			<ymax>138</ymax>
		</bndbox>
	</object>
</annotation>
