<annotation>
	<folder>Shirt_216</folder>
	<filename>00f5492d1386d2ef.jpg</filename>
	<path>/home/mobin/PycharmProjects/CI-semester-project/raw_dataset/Shirt_216/00f5492d1386d2ef.jpg</path>
	<source>
		<database>Unknown</database>
	</source>
	<size>
		<width>216</width>
		<height>216</height>
		<depth>3</depth>
	</size>
	<segmented>0</segmented>
	<object>
		<name>Shirt</name>
		<pose>Unspecified</pose>
		<truncated>0</truncated>
		<difficult>0</difficult>
		<bndbox>
			<xmin>127</xmin>
			<ymin>70</ymin>
			<xmax>192</xmax>
			<ymax>180</ymax>
		</bndbox>
	</object>
	<object>
		<name>Shirt</name>
		<pose>Unspecified</pose>
		<truncated>0</truncated>
		<difficult>0</difficult>
		<bndbox>
			<xmin>27</xmin>
			<ymin>44</ymin>
			<xmax>74</xmax>
			<ymax>117</ymax>
		</bndbox>
	</object>
</annotation>
