<annotation>
	<folder>Earrings_216</folder>
	<filename>01ba4700458238b7.jpg</filename>
	<path>/home/mobin/PycharmProjects/CI-semester-project/raw_dataset/Earrings_216/01ba4700458238b7.jpg</path>
	<source>
		<database>Unknown</database>
	</source>
	<size>
		<width>216</width>
		<height>216</height>
		<depth>3</depth>
	</size>
	<segmented>0</segmented>
	<object>
		<name>Earrings</name>
		<pose>Unspecified</pose>
		<truncated>0</truncated>
		<difficult>0</difficult>
		<bndbox>
			<xmin>117</xmin>
			<ymin>34</ymin>
			<xmax>198</xmax>
			<ymax>186</ymax>
		</bndbox>
	</object>
	<object>
		<name>Earrings</name>
		<pose>Unspecified</pose>
		<truncated>0</truncated>
		<difficult>0</difficult>
		<bndbox>
			<xmin>26</xmin>
			<ymin>30</ymin>
			<xmax>120</xmax>
			<ymax>192</ymax>
		</bndbox>
	</object>
</annotation>
