<annotation>
	<folder>Shirt_216</folder>
	<filename>01f400f7e06ded7c.jpg</filename>
	<path>/home/mobin/PycharmProjects/CI-semester-project/raw_dataset/Shirt_216/01f400f7e06ded7c.jpg</path>
	<source>
		<database>Unknown</database>
	</source>
	<size>
		<width>216</width>
		<height>216</height>
		<depth>3</depth>
	</size>
	<segmented>0</segmented>
	<object>
		<name>Shirt</name>
		<pose>Unspecified</pose>
		<truncated>0</truncated>
		<difficult>0</difficult>
		<bndbox>
			<xmin>107</xmin>
			<ymin>13</ymin>
			<xmax>208</xmax>
			<ymax>178</ymax>
		</bndbox>
	</object>
	<object>
		<name>Shirt</name>
		<pose>Unspecified</pose>
		<truncated>0</truncated>
		<difficult>0</difficult>
		<bndbox>
			<xmin>28</xmin>
			<ymin>8</ymin>
			<xmax>109</xmax>
			<ymax>169</ymax>
		</bndbox>
	</object>
</annotation>
