<annotation>
	<folder>Necklace_216</folder>
	<filename>02a638095a59b092.jpg</filename>
	<path>/home/mobin/PycharmProjects/CI-semester-project/raw_dataset/Necklace_216/02a638095a59b092.jpg</path>
	<source>
		<database>Unknown</database>
	</source>
	<size>
		<width>216</width>
		<height>216</height>
		<depth>1</depth>
	</size>
	<segmented>0</segmented>
	<object>
		<name>Necklace</name>
		<pose>Unspecified</pose>
		<truncated>0</truncated>
		<difficult>0</difficult>
		<bndbox>
			<xmin>72</xmin>
			<ymin>85</ymin>
			<xmax>143</xmax>
			<ymax>129</ymax>
		</bndbox>
	</object>
</annotation>
