<annotation>
	<folder>Boot_216</folder>
	<filename>02d8d53d13892d71.jpg</filename>
	<path>/home/mobin/PycharmProjects/CI-semester-project/raw_dataset/Boot_216/02d8d53d13892d71.jpg</path>
	<source>
		<database>Unknown</database>
	</source>
	<size>
		<width>216</width>
		<height>216</height>
		<depth>3</depth>
	</size>
	<segmented>0</segmented>
	<object>
		<name>Boot</name>
		<pose>Unspecified</pose>
		<truncated>1</truncated>
		<difficult>0</difficult>
		<bndbox>
			<xmin>104</xmin>
			<ymin>154</ymin>
			<xmax>149</xmax>
			<ymax>216</ymax>
		</bndbox>
	</object>
</annotation>
