<annotation>
	<folder>Necklace_216</folder>
	<filename>02f8d6115f3ea330.jpg</filename>
	<path>/home/mobin/PycharmProjects/CI-semester-project/raw_dataset/Necklace_216/02f8d6115f3ea330.jpg</path>
	<source>
		<database>Unknown</database>
	</source>
	<size>
		<width>216</width>
		<height>216</height>
		<depth>3</depth>
	</size>
	<segmented>0</segmented>
	<object>
		<name>Necklace</name>
		<pose>Unspecified</pose>
		<truncated>1</truncated>
		<difficult>0</difficult>
		<bndbox>
			<xmin>58</xmin>
			<ymin>1</ymin>
			<xmax>180</xmax>
			<ymax>198</ymax>
		</bndbox>
	</object>
</annotation>
