<annotation>
	<folder>Boot_216</folder>
	<filename>03d544ff2986c980.jpg</filename>
	<path>/home/mobin/PycharmProjects/CI-semester-project/raw_dataset/Boot_216/03d544ff2986c980.jpg</path>
	<source>
		<database>Unknown</database>
	</source>
	<size>
		<width>216</width>
		<height>216</height>
		<depth>3</depth>
	</size>
	<segmented>0</segmented>
	<object>
		<name>Boot</name>
		<pose>Unspecified</pose>
		<truncated>0</truncated>
		<difficult>0</difficult>
		<bndbox>
			<xmin>54</xmin>
			<ymin>7</ymin>
			<xmax>163</xmax>
			<ymax>209</ymax>
		</bndbox>
	</object>
</annotation>
