<annotation>
	<folder>Necklace_216</folder>
	<filename>04c7b9e1204052d4.jpg</filename>
	<path>/home/mobin/PycharmProjects/CI-semester-project/raw_dataset/Necklace_216/04c7b9e1204052d4.jpg</path>
	<source>
		<database>Unknown</database>
	</source>
	<size>
		<width>216</width>
		<height>216</height>
		<depth>3</depth>
	</size>
	<segmented>0</segmented>
	<object>
		<name>Necklace</name>
		<pose>Unspecified</pose>
		<truncated>0</truncated>
		<difficult>0</difficult>
		<bndbox>
			<xmin>87</xmin>
			<ymin>2</ymin>
			<xmax>144</xmax>
			<ymax>142</ymax>
		</bndbox>
	</object>
</annotation>
