<annotation>
	<folder>Shirt_216</folder>
	<filename>05e2fa5d4b6167ce.jpg</filename>
	<path>/home/mobin/PycharmProjects/CI-semester-project/raw_dataset/Shirt_216/05e2fa5d4b6167ce.jpg</path>
	<source>
		<database>Unknown</database>
	</source>
	<size>
		<width>216</width>
		<height>216</height>
		<depth>3</depth>
	</size>
	<segmented>0</segmented>
	<object>
		<name>Shirt</name>
		<pose>Unspecified</pose>
		<truncated>0</truncated>
		<difficult>0</difficult>
		<bndbox>
			<xmin>45</xmin>
			<ymin>50</ymin>
			<xmax>179</xmax>
			<ymax>166</ymax>
		</bndbox>
	</object>
</annotation>
