<annotation>
	<folder>Boot_216</folder>
	<filename>06a8447968577c94.jpg</filename>
	<path>/home/mobin/PycharmProjects/CI-semester-project/raw_dataset/Boot_216/06a8447968577c94.jpg</path>
	<source>
		<database>Unknown</database>
	</source>
	<size>
		<width>216</width>
		<height>216</height>
		<depth>3</depth>
	</size>
	<segmented>0</segmented>
	<object>
		<name>Boot</name>
		<pose>Unspecified</pose>
		<truncated>0</truncated>
		<difficult>0</difficult>
		<bndbox>
			<xmin>128</xmin>
			<ymin>176</ymin>
			<xmax>148</xmax>
			<ymax>207</ymax>
		</bndbox>
	</object>
	<object>
		<name>Boot</name>
		<pose>Unspecified</pose>
		<truncated>0</truncated>
		<difficult>0</difficult>
		<bndbox>
			<xmin>107</xmin>
			<ymin>177</ymin>
			<xmax>132</xmax>
			<ymax>208</ymax>
		</bndbox>
	</object>
</annotation>
