<annotation>
	<folder>Earrings_216</folder>
	<filename>0a4809f4a7fd39d9.jpg</filename>
	<path>/home/mobin/PycharmProjects/CI-semester-project/raw_dataset/Earrings_216/0a4809f4a7fd39d9.jpg</path>
	<source>
		<database>Unknown</database>
	</source>
	<size>
		<width>216</width>
		<height>216</height>
		<depth>3</depth>
	</size>
	<segmented>0</segmented>
	<object>
		<name>Earrings</name>
		<pose>Unspecified</pose>
		<truncated>0</truncated>
		<difficult>0</difficult>
		<bndbox>
			<xmin>51</xmin>
			<ymin>105</ymin>
			<xmax>70</xmax>
			<ymax>166</ymax>
		</bndbox>
	</object>
	<object>
		<name>Earrings</name>
		<pose>Unspecified</pose>
		<truncated>0</truncated>
		<difficult>0</difficult>
		<bndbox>
			<xmin>141</xmin>
			<ymin>130</ymin>
			<xmax>160</xmax>
			<ymax>166</ymax>
		</bndbox>
	</object>
</annotation>
