<annotation>
	<folder>Earrings_216</folder>
	<filename>0ac0b3e2160f069c.jpg</filename>
	<path>/home/mobin/PycharmProjects/CI-semester-project/raw_dataset/Earrings_216/0ac0b3e2160f069c.jpg</path>
	<source>
		<database>Unknown</database>
	</source>
	<size>
		<width>216</width>
		<height>216</height>
		<depth>3</depth>
	</size>
	<segmented>0</segmented>
	<object>
		<name>Earrings</name>
		<pose>Unspecified</pose>
		<truncated>0</truncated>
		<difficult>0</difficult>
		<bndbox>
			<xmin>93</xmin>
			<ymin>41</ymin>
			<xmax>121</xmax>
			<ymax>117</ymax>
		</bndbox>
	</object>
</annotation>
