<annotation>
	<folder>Sandal_216</folder>
	<filename>0ae59c2b841cd319.jpg</filename>
	<path>/home/mobin/PycharmProjects/CI-semester-project/raw_dataset/Sandal_216/0ae59c2b841cd319.jpg</path>
	<source>
		<database>Unknown</database>
	</source>
	<size>
		<width>216</width>
		<height>216</height>
		<depth>3</depth>
	</size>
	<segmented>0</segmented>
	<object>
		<name>Sandal</name>
		<pose>Unspecified</pose>
		<truncated>1</truncated>
		<difficult>0</difficult>
		<bndbox>
			<xmin>3</xmin>
			<ymin>1</ymin>
			<xmax>73</xmax>
			<ymax>178</ymax>
		</bndbox>
	</object>
	<object>
		<name>Sandal</name>
		<pose>Unspecified</pose>
		<truncated>0</truncated>
		<difficult>0</difficult>
		<bndbox>
			<xmin>66</xmin>
			<ymin>20</ymin>
			<xmax>211</xmax>
			<ymax>166</ymax>
		</bndbox>
	</object>
</annotation>
