<annotation>
	<folder>Shirt_216</folder>
	<filename>0b007742a8f0efa6.jpg</filename>
	<path>/home/mobin/PycharmProjects/CI-semester-project/raw_dataset/Shirt_216/0b007742a8f0efa6.jpg</path>
	<source>
		<database>Unknown</database>
	</source>
	<size>
		<width>216</width>
		<height>216</height>
		<depth>3</depth>
	</size>
	<segmented>0</segmented>
	<object>
		<name>Shirt</name>
		<pose>Unspecified</pose>
		<truncated>0</truncated>
		<difficult>0</difficult>
		<bndbox>
			<xmin>25</xmin>
			<ymin>74</ymin>
			<xmax>204</xmax>
			<ymax>212</ymax>
		</bndbox>
	</object>
</annotation>
