<annotation>
	<folder>Sandal_216</folder>
	<filename>0b63f1283955011c.jpg</filename>
	<path>/home/mobin/PycharmProjects/CI-semester-project/raw_dataset/Sandal_216/0b63f1283955011c.jpg</path>
	<source>
		<database>Unknown</database>
	</source>
	<size>
		<width>216</width>
		<height>216</height>
		<depth>3</depth>
	</size>
	<segmented>0</segmented>
	<object>
		<name>Sandal</name>
		<pose>Unspecified</pose>
		<truncated>0</truncated>
		<difficult>0</difficult>
		<bndbox>
			<xmin>103</xmin>
			<ymin>191</ymin>
			<xmax>122</xmax>
			<ymax>213</ymax>
		</bndbox>
	</object>
	<object>
		<name>Sandal</name>
		<pose>Unspecified</pose>
		<truncated>0</truncated>
		<difficult>0</difficult>
		<bndbox>
			<xmin>94</xmin>
			<ymin>179</ymin>
			<xmax>113</xmax>
			<ymax>193</ymax>
		</bndbox>
	</object>
	<object>
		<name>Sandal</name>
		<pose>Unspecified</pose>
		<truncated>0</truncated>
		<difficult>0</difficult>
		<bndbox>
			<xmin>182</xmin>
			<ymin>66</ymin>
			<xmax>207</xmax>
			<ymax>80</ymax>
		</bndbox>
	</object>
</annotation>
