<annotation>
	<folder>Necklace_216</folder>
	<filename>0b81dfbdd04fe22f.jpg</filename>
	<path>/home/mobin/PycharmProjects/CI-semester-project/raw_dataset/Necklace_216/0b81dfbdd04fe22f.jpg</path>
	<source>
		<database>Unknown</database>
	</source>
	<size>
		<width>216</width>
		<height>216</height>
		<depth>3</depth>
	</size>
	<segmented>0</segmented>
	<object>
		<name>Necklace</name>
		<pose>Unspecified</pose>
		<truncated>1</truncated>
		<difficult>0</difficult>
		<bndbox>
			<xmin>1</xmin>
			<ymin>7</ymin>
			<xmax>216</xmax>
			<ymax>210</ymax>
		</bndbox>
	</object>
</annotation>
