<annotation>
	<folder>Sunglasses_216</folder>
	<filename>0b988115ad58b6e1.jpg</filename>
	<path>/home/mobin/PycharmProjects/CI-semester-project/raw_dataset/Sunglasses_216/0b988115ad58b6e1.jpg</path>
	<source>
		<database>Unknown</database>
	</source>
	<size>
		<width>216</width>
		<height>216</height>
		<depth>3</depth>
	</size>
	<segmented>0</segmented>
	<object>
		<name>Sunglasses</name>
		<pose>Unspecified</pose>
		<truncated>0</truncated>
		<difficult>0</difficult>
		<bndbox>
			<xmin>101</xmin>
			<ymin>75</ymin>
			<xmax>140</xmax>
			<ymax>89</ymax>
		</bndbox>
	</object>
	<object>
		<name>Sunglasses</name>
		<pose>Unspecified</pose>
		<truncated>0</truncated>
		<difficult>0</difficult>
		<bndbox>
			<xmin>22</xmin>
			<ymin>119</ymin>
			<xmax>58</xmax>
			<ymax>137</ymax>
		</bndbox>
	</object>
</annotation>
