<annotation>
	<folder>Crown_216</folder>
	<filename>0ba986471f126000.jpg</filename>
	<path>/home/mobin/PycharmProjects/CI-semester-project/raw_dataset/Crown_216/0ba986471f126000.jpg</path>
	<source>
		<database>Unknown</database>
	</source>
	<size>
		<width>216</width>
		<height>216</height>
		<depth>3</depth>
	</size>
	<segmented>0</segmented>
	<object>
		<name>Crown</name>
		<pose>Unspecified</pose>
		<truncated>0</truncated>
		<difficult>0</difficult>
		<bndbox>
			<xmin>152</xmin>
			<ymin>46</ymin>
			<xmax>204</xmax>
			<ymax>134</ymax>
		</bndbox>
	</object>
	<object>
		<name>Crown</name>
		<pose>Unspecified</pose>
		<truncated>0</truncated>
		<difficult>0</difficult>
		<bndbox>
			<xmin>73</xmin>
			<ymin>82</ymin>
			<xmax>109</xmax>
			<ymax>123</ymax>
		</bndbox>
	</object>
	<object>
		<name>Crown</name>
		<pose>Unspecified</pose>
		<truncated>0</truncated>
		<difficult>0</difficult>
		<bndbox>
			<xmin>37</xmin>
			<ymin>66</ymin>
			<xmax>70</xmax>
			<ymax>97</ymax>
		</bndbox>
	</object>
	<object>
		<name>Crown</name>
		<pose>Unspecified</pose>
		<truncated>0</truncated>
		<difficult>0</difficult>
		<bndbox>
			<xmin>38</xmin>
			<ymin>121</ymin>
			<xmax>81</xmax>
			<ymax>157</ymax>
		</bndbox>
	</object>
	<object>
		<name>Crown</name>
		<pose>Unspecified</pose>
		<truncated>0</truncated>
		<difficult>0</difficult>
		<bndbox>
			<xmin>97</xmin>
			<ymin>127</ymin>
			<xmax>148</xmax>
			<ymax>174</ymax>
		</bndbox>
	</object>
</annotation>
