<annotation>
	<folder>Boot_216</folder>
	<filename>0d58ba647187a103.jpg</filename>
	<path>/home/mobin/PycharmProjects/CI-semester-project/raw_dataset/Boot_216/0d58ba647187a103.jpg</path>
	<source>
		<database>Unknown</database>
	</source>
	<size>
		<width>216</width>
		<height>216</height>
		<depth>3</depth>
	</size>
	<segmented>0</segmented>
	<object>
		<name>Boot</name>
		<pose>Unspecified</pose>
		<truncated>0</truncated>
		<difficult>0</difficult>
		<bndbox>
			<xmin>41</xmin>
			<ymin>146</ymin>
			<xmax>94</xmax>
			<ymax>174</ymax>
		</bndbox>
	</object>
	<object>
		<name>Boot</name>
		<pose>Unspecified</pose>
		<truncated>0</truncated>
		<difficult>0</difficult>
		<bndbox>
			<xmin>137</xmin>
			<ymin>168</ymin>
			<xmax>172</xmax>
			<ymax>200</ymax>
		</bndbox>
	</object>
</annotation>
