<annotation>
	<folder>Crown_216</folder>
	<filename>0d9b4a887e68f613.jpg</filename>
	<path>/home/mobin/PycharmProjects/CI-semester-project/raw_dataset/Crown_216/0d9b4a887e68f613.jpg</path>
	<source>
		<database>Unknown</database>
	</source>
	<size>
		<width>216</width>
		<height>216</height>
		<depth>3</depth>
	</size>
	<segmented>0</segmented>
	<object>
		<name>Crown</name>
		<pose>Unspecified</pose>
		<truncated>0</truncated>
		<difficult>0</difficult>
		<bndbox>
			<xmin>49</xmin>
			<ymin>9</ymin>
			<xmax>112</xmax>
			<ymax>88</ymax>
		</bndbox>
	</object>
</annotation>
