<annotation>
	<folder>Sandal_216</folder>
	<filename>0dc42310fcc9b5f8.jpg</filename>
	<path>/home/mobin/PycharmProjects/CI-semester-project/raw_dataset/Sandal_216/0dc42310fcc9b5f8.jpg</path>
	<source>
		<database>Unknown</database>
	</source>
	<size>
		<width>216</width>
		<height>216</height>
		<depth>3</depth>
	</size>
	<segmented>0</segmented>
	<object>
		<name>Sandal</name>
		<pose>Unspecified</pose>
		<truncated>0</truncated>
		<difficult>0</difficult>
		<bndbox>
			<xmin>6</xmin>
			<ymin>91</ymin>
			<xmax>207</xmax>
			<ymax>175</ymax>
		</bndbox>
	</object>
</annotation>
