<annotation>
	<folder>Sunglasses_216</folder>
	<filename>0e6ffe2127c7ddd2.jpg</filename>
	<path>/home/mobin/PycharmProjects/CI-semester-project/raw_dataset/Sunglasses_216/0e6ffe2127c7ddd2.jpg</path>
	<source>
		<database>Unknown</database>
	</source>
	<size>
		<width>216</width>
		<height>216</height>
		<depth>3</depth>
	</size>
	<segmented>0</segmented>
	<object>
		<name>Sunglasses</name>
		<pose>Unspecified</pose>
		<truncated>0</truncated>
		<difficult>0</difficult>
		<bndbox>
			<xmin>79</xmin>
			<ymin>94</ymin>
			<xmax>138</xmax>
			<ymax>122</ymax>
		</bndbox>
	</object>
</annotation>
