<annotation>
	<folder>Crown_216</folder>
	<filename>0eaf01682de9f491.jpg</filename>
	<path>/home/mobin/PycharmProjects/CI-semester-project/raw_dataset/Crown_216/0eaf01682de9f491.jpg</path>
	<source>
		<database>Unknown</database>
	</source>
	<size>
		<width>216</width>
		<height>216</height>
		<depth>3</depth>
	</size>
	<segmented>0</segmented>
	<object>
		<name>Crown</name>
		<pose>Unspecified</pose>
		<truncated>0</truncated>
		<difficult>0</difficult>
		<bndbox>
			<xmin>148</xmin>
			<ymin>17</ymin>
			<xmax>189</xmax>
			<ymax>40</ymax>
		</bndbox>
	</object>
	<object>
		<name>Crown</name>
		<pose>Unspecified</pose>
		<truncated>0</truncated>
		<difficult>0</difficult>
		<bndbox>
			<xmin>91</xmin>
			<ymin>13</ymin>
			<xmax>139</xmax>
			<ymax>41</ymax>
		</bndbox>
	</object>
	<object>
		<name>Crown</name>
		<pose>Unspecified</pose>
		<truncated>0</truncated>
		<difficult>0</difficult>
		<bndbox>
			<xmin>39</xmin>
			<ymin>16</ymin>
			<xmax>80</xmax>
			<ymax>41</ymax>
		</bndbox>
	</object>
	<object>
		<name>Crown</name>
		<pose>Unspecified</pose>
		<truncated>0</truncated>
		<difficult>0</difficult>
		<bndbox>
			<xmin>30</xmin>
			<ymin>101</ymin>
			<xmax>78</xmax>
			<ymax>122</ymax>
		</bndbox>
	</object>
	<object>
		<name>Crown</name>
		<pose>Unspecified</pose>
		<truncated>0</truncated>
		<difficult>0</difficult>
		<bndbox>
			<xmin>84</xmin>
			<ymin>104</ymin>
			<xmax>134</xmax>
			<ymax>123</ymax>
		</bndbox>
	</object>
	<object>
		<name>Crown</name>
		<pose>Unspecified</pose>
		<truncated>0</truncated>
		<difficult>0</difficult>
		<bndbox>
			<xmin>140</xmin>
			<ymin>102</ymin>
			<xmax>189</xmax>
			<ymax>124</ymax>
		</bndbox>
	</object>
</annotation>
