<annotation>
	<folder>Sandal_216</folder>
	<filename>0f66304520ed1c52.jpg</filename>
	<path>/home/mobin/PycharmProjects/CI-semester-project/raw_dataset/Sandal_216/0f66304520ed1c52.jpg</path>
	<source>
		<database>Unknown</database>
	</source>
	<size>
		<width>216</width>
		<height>216</height>
		<depth>3</depth>
	</size>
	<segmented>0</segmented>
	<object>
		<name>Sandal</name>
		<pose>Unspecified</pose>
		<truncated>1</truncated>
		<difficult>0</difficult>
		<bndbox>
			<xmin>96</xmin>
			<ymin>173</ymin>
			<xmax>126</xmax>
			<ymax>216</ymax>
		</bndbox>
	</object>
</annotation>
