<annotation>
	<folder>Boot_216</folder>
	<filename>0f951f1195e6d332.jpg</filename>
	<path>/home/mobin/PycharmProjects/CI-semester-project/raw_dataset/Boot_216/0f951f1195e6d332.jpg</path>
	<source>
		<database>Unknown</database>
	</source>
	<size>
		<width>216</width>
		<height>216</height>
		<depth>3</depth>
	</size>
	<segmented>0</segmented>
	<object>
		<name>Boot</name>
		<pose>Unspecified</pose>
		<truncated>0</truncated>
		<difficult>0</difficult>
		<bndbox>
			<xmin>132</xmin>
			<ymin>77</ymin>
			<xmax>165</xmax>
			<ymax>144</ymax>
		</bndbox>
	</object>
	<object>
		<name>Boot</name>
		<pose>Unspecified</pose>
		<truncated>0</truncated>
		<difficult>0</difficult>
		<bndbox>
			<xmin>167</xmin>
			<ymin>68</ymin>
			<xmax>213</xmax>
			<ymax>128</ymax>
		</bndbox>
	</object>
</annotation>
