<annotation>
	<folder>Earrings_216</folder>
	<filename>1a1178b6e6be728c.jpg</filename>
	<path>/home/mobin/PycharmProjects/CI-semester-project/raw_dataset/Earrings_216/1a1178b6e6be728c.jpg</path>
	<source>
		<database>Unknown</database>
	</source>
	<size>
		<width>216</width>
		<height>216</height>
		<depth>3</depth>
	</size>
	<segmented>0</segmented>
	<object>
		<name>Earrings</name>
		<pose>Unspecified</pose>
		<truncated>0</truncated>
		<difficult>0</difficult>
		<bndbox>
			<xmin>142</xmin>
			<ymin>56</ymin>
			<xmax>207</xmax>
			<ymax>179</ymax>
		</bndbox>
	</object>
	<object>
		<name>Earrings</name>
		<pose>Unspecified</pose>
		<truncated>0</truncated>
		<difficult>0</difficult>
		<bndbox>
			<xmin>15</xmin>
			<ymin>55</ymin>
			<xmax>78</xmax>
			<ymax>176</ymax>
		</bndbox>
	</object>
</annotation>
