<annotation>
	<folder>Crown_216</folder>
	<filename>1a23e543078c1821.jpg</filename>
	<path>/home/mobin/PycharmProjects/CI-semester-project/raw_dataset/Crown_216/1a23e543078c1821.jpg</path>
	<source>
		<database>Unknown</database>
	</source>
	<size>
		<width>216</width>
		<height>216</height>
		<depth>3</depth>
	</size>
	<segmented>0</segmented>
	<object>
		<name>Crown</name>
		<pose>Unspecified</pose>
		<truncated>0</truncated>
		<difficult>0</difficult>
		<bndbox>
			<xmin>3</xmin>
			<ymin>15</ymin>
			<xmax>213</xmax>
			<ymax>177</ymax>
		</bndbox>
	</object>
</annotation>
