<annotation>
	<folder>Sandal_216</folder>
	<filename>1a68e9c1d31b9421.jpg</filename>
	<path>/home/mobin/PycharmProjects/CI-semester-project/raw_dataset/Sandal_216/1a68e9c1d31b9421.jpg</path>
	<source>
		<database>Unknown</database>
	</source>
	<size>
		<width>216</width>
		<height>216</height>
		<depth>3</depth>
	</size>
	<segmented>0</segmented>
	<object>
		<name>Sandal</name>
		<pose>Unspecified</pose>
		<truncated>1</truncated>
		<difficult>0</difficult>
		<bndbox>
			<xmin>55</xmin>
			<ymin>95</ymin>
			<xmax>216</xmax>
			<ymax>216</ymax>
		</bndbox>
	</object>
</annotation>
