<annotation>
	<folder>Shirt_216</folder>
	<filename>1aa22c7d65a38e7d.jpg</filename>
	<path>/home/mobin/PycharmProjects/CI-semester-project/raw_dataset/Shirt_216/1aa22c7d65a38e7d.jpg</path>
	<source>
		<database>Unknown</database>
	</source>
	<size>
		<width>216</width>
		<height>216</height>
		<depth>3</depth>
	</size>
	<segmented>0</segmented>
	<object>
		<name>Shirt</name>
		<pose>Unspecified</pose>
		<truncated>0</truncated>
		<difficult>0</difficult>
		<bndbox>
			<xmin>15</xmin>
			<ymin>75</ymin>
			<xmax>109</xmax>
			<ymax>203</ymax>
		</bndbox>
	</object>
</annotation>
