<annotation>
	<folder>Earrings_216</folder>
	<filename>1aa7d3048b98857b.jpg</filename>
	<path>/home/mobin/PycharmProjects/CI-semester-project/raw_dataset/Earrings_216/1aa7d3048b98857b.jpg</path>
	<source>
		<database>Unknown</database>
	</source>
	<size>
		<width>216</width>
		<height>216</height>
		<depth>3</depth>
	</size>
	<segmented>0</segmented>
	<object>
		<name>Earrings</name>
		<pose>Unspecified</pose>
		<truncated>0</truncated>
		<difficult>0</difficult>
		<bndbox>
			<xmin>117</xmin>
			<ymin>47</ymin>
			<xmax>143</xmax>
			<ymax>178</ymax>
		</bndbox>
	</object>
	<object>
		<name>Earrings</name>
		<pose>Unspecified</pose>
		<truncated>0</truncated>
		<difficult>0</difficult>
		<bndbox>
			<xmin>64</xmin>
			<ymin>56</ymin>
			<xmax>94</xmax>
			<ymax>201</ymax>
		</bndbox>
	</object>
</annotation>
