<annotation>
	<folder>Boot_216</folder>
	<filename>1be502316618aa58.jpg</filename>
	<path>/home/mobin/PycharmProjects/CI-semester-project/raw_dataset/Boot_216/1be502316618aa58.jpg</path>
	<source>
		<database>Unknown</database>
	</source>
	<size>
		<width>216</width>
		<height>216</height>
		<depth>3</depth>
	</size>
	<segmented>0</segmented>
	<object>
		<name>Boot</name>
		<pose>Unspecified</pose>
		<truncated>0</truncated>
		<difficult>0</difficult>
		<bndbox>
			<xmin>113</xmin>
			<ymin>76</ymin>
			<xmax>157</xmax>
			<ymax>140</ymax>
		</bndbox>
	</object>
</annotation>
