<annotation>
	<folder>Crown_216</folder>
	<filename>1c00e05b5c39a67e.jpg</filename>
	<path>/home/mobin/PycharmProjects/CI-semester-project/raw_dataset/Crown_216/1c00e05b5c39a67e.jpg</path>
	<source>
		<database>Unknown</database>
	</source>
	<size>
		<width>216</width>
		<height>216</height>
		<depth>3</depth>
	</size>
	<segmented>0</segmented>
	<object>
		<name>Crown</name>
		<pose>Unspecified</pose>
		<truncated>0</truncated>
		<difficult>0</difficult>
		<bndbox>
			<xmin>42</xmin>
			<ymin>74</ymin>
			<xmax>127</xmax>
			<ymax>215</ymax>
		</bndbox>
	</object>
</annotation>
