<annotation>
	<folder>Necklace_216</folder>
	<filename>1c86c5533d78464d.jpg</filename>
	<path>/home/mobin/PycharmProjects/CI-semester-project/raw_dataset/Necklace_216/1c86c5533d78464d.jpg</path>
	<source>
		<database>Unknown</database>
	</source>
	<size>
		<width>216</width>
		<height>216</height>
		<depth>3</depth>
	</size>
	<segmented>0</segmented>
	<object>
		<name>Necklace</name>
		<pose>Unspecified</pose>
		<truncated>0</truncated>
		<difficult>0</difficult>
		<bndbox>
			<xmin>94</xmin>
			<ymin>99</ymin>
			<xmax>131</xmax>
			<ymax>180</ymax>
		</bndbox>
	</object>
	<object>
		<name>Necklace</name>
		<pose>Unspecified</pose>
		<truncated>0</truncated>
		<difficult>0</difficult>
		<bndbox>
			<xmin>30</xmin>
			<ymin>105</ymin>
			<xmax>56</xmax>
			<ymax>158</ymax>
		</bndbox>
	</object>
</annotation>
