<annotation>
	<folder>Crown_216</folder>
	<filename>1c9a3a9589d21a6c.jpg</filename>
	<path>/home/mobin/PycharmProjects/CI-semester-project/raw_dataset/Crown_216/1c9a3a9589d21a6c.jpg</path>
	<source>
		<database>Unknown</database>
	</source>
	<size>
		<width>216</width>
		<height>216</height>
		<depth>3</depth>
	</size>
	<segmented>0</segmented>
	<object>
		<name>Crown</name>
		<pose>Unspecified</pose>
		<truncated>0</truncated>
		<difficult>0</difficult>
		<bndbox>
			<xmin>56</xmin>
			<ymin>16</ymin>
			<xmax>150</xmax>
			<ymax>70</ymax>
		</bndbox>
	</object>
</annotation>
