<annotation>
	<folder>Sandal_216</folder>
	<filename>1d6763118fc3c6c2.jpg</filename>
	<path>/home/mobin/PycharmProjects/CI-semester-project/raw_dataset/Sandal_216/1d6763118fc3c6c2.jpg</path>
	<source>
		<database>Unknown</database>
	</source>
	<size>
		<width>216</width>
		<height>216</height>
		<depth>3</depth>
	</size>
	<segmented>0</segmented>
	<object>
		<name>Sandal</name>
		<pose>Unspecified</pose>
		<truncated>0</truncated>
		<difficult>0</difficult>
		<bndbox>
			<xmin>42</xmin>
			<ymin>66</ymin>
			<xmax>171</xmax>
			<ymax>142</ymax>
		</bndbox>
	</object>
</annotation>
