<annotation>
	<folder>Crown_216</folder>
	<filename>1e1b9f3640ead7db.jpg</filename>
	<path>/home/mobin/PycharmProjects/CI-semester-project/raw_dataset/Crown_216/1e1b9f3640ead7db.jpg</path>
	<source>
		<database>Unknown</database>
	</source>
	<size>
		<width>216</width>
		<height>216</height>
		<depth>3</depth>
	</size>
	<segmented>0</segmented>
	<object>
		<name>Crown</name>
		<pose>Unspecified</pose>
		<truncated>1</truncated>
		<difficult>0</difficult>
		<bndbox>
			<xmin>94</xmin>
			<ymin>30</ymin>
			<xmax>216</xmax>
			<ymax>68</ymax>
		</bndbox>
	</object>
</annotation>
