<annotation>
	<folder>Boot_216</folder>
	<filename>1e8b170b9a263d28.jpg</filename>
	<path>/home/mobin/PycharmProjects/CI-semester-project/raw_dataset/Boot_216/1e8b170b9a263d28.jpg</path>
	<source>
		<database>Unknown</database>
	</source>
	<size>
		<width>216</width>
		<height>216</height>
		<depth>3</depth>
	</size>
	<segmented>0</segmented>
	<object>
		<name>Boot</name>
		<pose>Unspecified</pose>
		<truncated>0</truncated>
		<difficult>0</difficult>
		<bndbox>
			<xmin>52</xmin>
			<ymin>128</ymin>
			<xmax>76</xmax>
			<ymax>196</ymax>
		</bndbox>
	</object>
	<object>
		<name>Boot</name>
		<pose>Unspecified</pose>
		<truncated>1</truncated>
		<difficult>0</difficult>
		<bndbox>
			<xmin>66</xmin>
			<ymin>158</ymin>
			<xmax>89</xmax>
			<ymax>216</ymax>
		</bndbox>
	</object>
	<object>
		<name>Boot</name>
		<pose>Unspecified</pose>
		<truncated>0</truncated>
		<difficult>0</difficult>
		<bndbox>
			<xmin>192</xmin>
			<ymin>121</ymin>
			<xmax>214</xmax>
			<ymax>143</ymax>
		</bndbox>
	</object>
</annotation>
