<annotation>
	<folder>Boot_216</folder>
	<filename>1ee520b95e7041b8.jpg</filename>
	<path>/home/mobin/PycharmProjects/CI-semester-project/raw_dataset/Boot_216/1ee520b95e7041b8.jpg</path>
	<source>
		<database>Unknown</database>
	</source>
	<size>
		<width>216</width>
		<height>216</height>
		<depth>3</depth>
	</size>
	<segmented>0</segmented>
	<object>
		<name>Boot</name>
		<pose>Unspecified</pose>
		<truncated>0</truncated>
		<difficult>0</difficult>
		<bndbox>
			<xmin>84</xmin>
			<ymin>159</ymin>
			<xmax>109</xmax>
			<ymax>201</ymax>
		</bndbox>
	</object>
	<object>
		<name>Boot</name>
		<pose>Unspecified</pose>
		<truncated>0</truncated>
		<difficult>0</difficult>
		<bndbox>
			<xmin>106</xmin>
			<ymin>162</ymin>
			<xmax>141</xmax>
			<ymax>203</ymax>
		</bndbox>
	</object>
</annotation>
