<annotation>
	<folder>Watches_216</folder>
	<filename>26224_0.jpg</filename>
	<path>/home/mobin/PycharmProjects/CI-semester-project/CI_dataset/Watches_216/26224_0.jpg</path>
	<source>
		<database>Unknown</database>
	</source>
	<size>
		<width>216</width>
		<height>216</height>
		<depth>3</depth>
	</size>
	<segmented>0</segmented>
	<object>
		<name>watch</name>
		<pose>Unspecified</pose>
		<truncated>0</truncated>
		<difficult>0</difficult>
		<bndbox>
			<xmin>103</xmin>
			<ymin>140</ymin>
			<xmax>143</xmax>
			<ymax>164</ymax>
		</bndbox>
	</object>
	<object>
		<name>watch</name>
		<pose>Unspecified</pose>
		<truncated>0</truncated>
		<difficult>0</difficult>
		<bndbox>
			<xmin>85</xmin>
			<ymin>8</ymin>
			<xmax>215</xmax>
			<ymax>101</ymax>
		</bndbox>
	</object>
</annotation>
