<annotation>
	<folder>Watches_216</folder>
	<filename>26287_0.jpg</filename>
	<path>/home/mobin/PycharmProjects/CI-semester-project/CI_dataset/Watches_216/26287_0.jpg</path>
	<source>
		<database>Unknown</database>
	</source>
	<size>
		<width>216</width>
		<height>216</height>
		<depth>3</depth>
	</size>
	<segmented>0</segmented>
	<object>
		<name>watch</name>
		<pose>Unspecified</pose>
		<truncated>0</truncated>
		<difficult>0</difficult>
		<bndbox>
			<xmin>116</xmin>
			<ymin>124</ymin>
			<xmax>154</xmax>
			<ymax>146</ymax>
		</bndbox>
	</object>
	<object>
		<name>no-watch</name>
		<pose>Unspecified</pose>
		<truncated>0</truncated>
		<difficult>0</difficult>
		<bndbox>
			<xmin>62</xmin>
			<ymin>7</ymin>
			<xmax>194</xmax>
			<ymax>106</ymax>
		</bndbox>
	</object>
</annotation>
