<annotation>
	<folder>Watches_216</folder>
	<filename>28633_0.jpg</filename>
	<path>/home/mobin/PycharmProjects/CI-semester-project/CI_dataset/Watches_216/28633_0.jpg</path>
	<source>
		<database>Unknown</database>
	</source>
	<size>
		<width>216</width>
		<height>216</height>
		<depth>3</depth>
	</size>
	<segmented>0</segmented>
	<object>
		<name>no-watch</name>
		<pose>Unspecified</pose>
		<truncated>0</truncated>
		<difficult>0</difficult>
		<bndbox>
			<xmin>43</xmin>
			<ymin>16</ymin>
			<xmax>105</xmax>
			<ymax>127</ymax>
		</bndbox>
	</object>
	<object>
		<name>no-watch</name>
		<pose>Unspecified</pose>
		<truncated>0</truncated>
		<difficult>0</difficult>
		<bndbox>
			<xmin>125</xmin>
			<ymin>15</ymin>
			<xmax>184</xmax>
			<ymax>126</ymax>
		</bndbox>
	</object>
</annotation>
