<annotation>
	<folder>Shirt_216</folder>
	<filename>2ac4338dd89dcf04.jpg</filename>
	<path>/home/mobin/PycharmProjects/CI-semester-project/raw_dataset/Shirt_216/2ac4338dd89dcf04.jpg</path>
	<source>
		<database>Unknown</database>
	</source>
	<size>
		<width>216</width>
		<height>216</height>
		<depth>3</depth>
	</size>
	<segmented>0</segmented>
	<object>
		<name>Shirt</name>
		<pose>Unspecified</pose>
		<truncated>0</truncated>
		<difficult>0</difficult>
		<bndbox>
			<xmin>101</xmin>
			<ymin>95</ymin>
			<xmax>168</xmax>
			<ymax>143</ymax>
		</bndbox>
	</object>
</annotation>
