<annotation>
	<folder>Sandal_216</folder>
	<filename>2b8e431ca07376cc.jpg</filename>
	<path>/home/mobin/PycharmProjects/CI-semester-project/raw_dataset/Sandal_216/2b8e431ca07376cc.jpg</path>
	<source>
		<database>Unknown</database>
	</source>
	<size>
		<width>216</width>
		<height>216</height>
		<depth>3</depth>
	</size>
	<segmented>0</segmented>
	<object>
		<name>Sandal</name>
		<pose>Unspecified</pose>
		<truncated>0</truncated>
		<difficult>0</difficult>
		<bndbox>
			<xmin>19</xmin>
			<ymin>96</ymin>
			<xmax>97</xmax>
			<ymax>131</ymax>
		</bndbox>
	</object>
	<object>
		<name>Sandal</name>
		<pose>Unspecified</pose>
		<truncated>0</truncated>
		<difficult>0</difficult>
		<bndbox>
			<xmin>60</xmin>
			<ymin>118</ymin>
			<xmax>134</xmax>
			<ymax>170</ymax>
		</bndbox>
	</object>
</annotation>
