<annotation>
	<folder>Sandal_216</folder>
	<filename>2d72d21bdf847f93.jpg</filename>
	<path>/home/mobin/PycharmProjects/CI-semester-project/raw_dataset/Sandal_216/2d72d21bdf847f93.jpg</path>
	<source>
		<database>Unknown</database>
	</source>
	<size>
		<width>216</width>
		<height>216</height>
		<depth>3</depth>
	</size>
	<segmented>0</segmented>
	<object>
		<name>Sandal</name>
		<pose>Unspecified</pose>
		<truncated>0</truncated>
		<difficult>0</difficult>
		<bndbox>
			<xmin>149</xmin>
			<ymin>172</ymin>
			<xmax>192</xmax>
			<ymax>193</ymax>
		</bndbox>
	</object>
	<object>
		<name>Sandal</name>
		<pose>Unspecified</pose>
		<truncated>0</truncated>
		<difficult>0</difficult>
		<bndbox>
			<xmin>55</xmin>
			<ymin>170</ymin>
			<xmax>87</xmax>
			<ymax>194</ymax>
		</bndbox>
	</object>
</annotation>
