<annotation>
	<folder>Crown_216</folder>
	<filename>2e1ba9f950d8bc20.jpg</filename>
	<path>/home/mobin/PycharmProjects/CI-semester-project/raw_dataset/Crown_216/2e1ba9f950d8bc20.jpg</path>
	<source>
		<database>Unknown</database>
	</source>
	<size>
		<width>216</width>
		<height>216</height>
		<depth>3</depth>
	</size>
	<segmented>0</segmented>
	<object>
		<name>Crown</name>
		<pose>Unspecified</pose>
		<truncated>0</truncated>
		<difficult>0</difficult>
		<bndbox>
			<xmin>84</xmin>
			<ymin>6</ymin>
			<xmax>161</xmax>
			<ymax>86</ymax>
		</bndbox>
	</object>
</annotation>
