<annotation>
	<folder>Earrings_216</folder>
	<filename>2e410e8585cf67a0.jpg</filename>
	<path>/home/mobin/PycharmProjects/CI-semester-project/raw_dataset/Earrings_216/2e410e8585cf67a0.jpg</path>
	<source>
		<database>Unknown</database>
	</source>
	<size>
		<width>216</width>
		<height>216</height>
		<depth>3</depth>
	</size>
	<segmented>0</segmented>
	<object>
		<name>Earrings</name>
		<pose>Unspecified</pose>
		<truncated>1</truncated>
		<difficult>0</difficult>
		<bndbox>
			<xmin>102</xmin>
			<ymin>10</ymin>
			<xmax>216</xmax>
			<ymax>164</ymax>
		</bndbox>
	</object>
	<object>
		<name>Earrings</name>
		<pose>Unspecified</pose>
		<truncated>0</truncated>
		<difficult>0</difficult>
		<bndbox>
			<xmin>11</xmin>
			<ymin>29</ymin>
			<xmax>124</xmax>
			<ymax>190</ymax>
		</bndbox>
	</object>
</annotation>
