<annotation>
	<folder>Boot_216</folder>
	<filename>2e49905809b7852b.jpg</filename>
	<path>/home/mobin/PycharmProjects/CI-semester-project/raw_dataset/Boot_216/2e49905809b7852b.jpg</path>
	<source>
		<database>Unknown</database>
	</source>
	<size>
		<width>216</width>
		<height>216</height>
		<depth>3</depth>
	</size>
	<segmented>0</segmented>
	<object>
		<name>Boot</name>
		<pose>Unspecified</pose>
		<truncated>0</truncated>
		<difficult>0</difficult>
		<bndbox>
			<xmin>70</xmin>
			<ymin>140</ymin>
			<xmax>131</xmax>
			<ymax>214</ymax>
		</bndbox>
	</object>
</annotation>
