<annotation>
	<folder>Necklace_216</folder>
	<filename>2f035680b139ff09.jpg</filename>
	<path>/home/mobin/PycharmProjects/CI-semester-project/raw_dataset/Necklace_216/2f035680b139ff09.jpg</path>
	<source>
		<database>Unknown</database>
	</source>
	<size>
		<width>216</width>
		<height>216</height>
		<depth>3</depth>
	</size>
	<segmented>0</segmented>
	<object>
		<name>Necklace</name>
		<pose>Unspecified</pose>
		<truncated>0</truncated>
		<difficult>0</difficult>
		<bndbox>
			<xmin>121</xmin>
			<ymin>82</ymin>
			<xmax>182</xmax>
			<ymax>190</ymax>
		</bndbox>
	</object>
</annotation>
