<annotation>
	<folder>Watches_216</folder>
	<filename>30761_0.jpg</filename>
	<path>/home/mobin/PycharmProjects/CI-semester-project/CI_dataset/Watches_216/30761_0.jpg</path>
	<source>
		<database>Unknown</database>
	</source>
	<size>
		<width>216</width>
		<height>216</height>
		<depth>3</depth>
	</size>
	<segmented>0</segmented>
	<object>
		<name>watch</name>
		<pose>Unspecified</pose>
		<truncated>0</truncated>
		<difficult>0</difficult>
		<bndbox>
			<xmin>3</xmin>
			<ymin>60</ymin>
			<xmax>111</xmax>
			<ymax>152</ymax>
		</bndbox>
	</object>
	<object>
		<name>watch</name>
		<pose>Unspecified</pose>
		<truncated>0</truncated>
		<difficult>0</difficult>
		<bndbox>
			<xmin>119</xmin>
			<ymin>62</ymin>
			<xmax>212</xmax>
			<ymax>149</ymax>
		</bndbox>
	</object>
</annotation>
