<annotation>
	<folder>Watches_216</folder>
	<filename>31314_1.jpg</filename>
	<path>/home/mobin/PycharmProjects/CI-semester-project/CI_dataset/Watches_216/31314_1.jpg</path>
	<source>
		<database>Unknown</database>
	</source>
	<size>
		<width>216</width>
		<height>216</height>
		<depth>3</depth>
	</size>
	<segmented>0</segmented>
	<object>
		<name>no-watch</name>
		<pose>Unspecified</pose>
		<truncated>0</truncated>
		<difficult>0</difficult>
		<bndbox>
			<xmin>61</xmin>
			<ymin>37</ymin>
			<xmax>105</xmax>
			<ymax>113</ymax>
		</bndbox>
	</object>
	<object>
		<name>no-watch</name>
		<pose>Unspecified</pose>
		<truncated>0</truncated>
		<difficult>0</difficult>
		<bndbox>
			<xmin>111</xmin>
			<ymin>38</ymin>
			<xmax>150</xmax>
			<ymax>110</ymax>
		</bndbox>
	</object>
</annotation>
