<annotation>
	<folder>Watches_216</folder>
	<filename>31484_2.jpg</filename>
	<path>/home/mobin/PycharmProjects/CI-semester-project/CI_dataset/Watches_216/31484_2.jpg</path>
	<source>
		<database>Unknown</database>
	</source>
	<size>
		<width>216</width>
		<height>216</height>
		<depth>3</depth>
	</size>
	<segmented>0</segmented>
	<object>
		<name>no-watch</name>
		<pose>Unspecified</pose>
		<truncated>0</truncated>
		<difficult>0</difficult>
		<bndbox>
			<xmin>38</xmin>
			<ymin>42</ymin>
			<xmax>114</xmax>
			<ymax>111</ymax>
		</bndbox>
	</object>
	<object>
		<name>no-watch</name>
		<pose>Unspecified</pose>
		<truncated>0</truncated>
		<difficult>0</difficult>
		<bndbox>
			<xmin>106</xmin>
			<ymin>35</ymin>
			<xmax>189</xmax>
			<ymax>96</ymax>
		</bndbox>
	</object>
</annotation>
