<annotation>
	<folder>Watches_216</folder>
	<filename>31867_0.jpg</filename>
	<path>/home/mobin/PycharmProjects/CI-semester-project/CI_dataset/Watches_216/31867_0.jpg</path>
	<source>
		<database>Unknown</database>
	</source>
	<size>
		<width>216</width>
		<height>216</height>
		<depth>3</depth>
	</size>
	<segmented>0</segmented>
	<object>
		<name>no-watch</name>
		<pose>Unspecified</pose>
		<truncated>0</truncated>
		<difficult>0</difficult>
		<bndbox>
			<xmin>40</xmin>
			<ymin>52</ymin>
			<xmax>103</xmax>
			<ymax>97</ymax>
		</bndbox>
	</object>
	<object>
		<name>no-watch</name>
		<pose>Unspecified</pose>
		<truncated>0</truncated>
		<difficult>0</difficult>
		<bndbox>
			<xmin>114</xmin>
			<ymin>53</ymin>
			<xmax>184</xmax>
			<ymax>99</ymax>
		</bndbox>
	</object>
</annotation>
