<annotation>
	<folder>Crown_216</folder>
	<filename>3a78c89976a01a12.jpg</filename>
	<path>/home/mobin/PycharmProjects/CI-semester-project/raw_dataset/Crown_216/3a78c89976a01a12.jpg</path>
	<source>
		<database>Unknown</database>
	</source>
	<size>
		<width>216</width>
		<height>216</height>
		<depth>3</depth>
	</size>
	<segmented>0</segmented>
	<object>
		<name>Crown</name>
		<pose>Unspecified</pose>
		<truncated>1</truncated>
		<difficult>0</difficult>
		<bndbox>
			<xmin>43</xmin>
			<ymin>1</ymin>
			<xmax>136</xmax>
			<ymax>64</ymax>
		</bndbox>
	</object>
</annotation>
