<annotation>
	<folder>Necklace_216</folder>
	<filename>3ad1d3eda7c2a634.jpg</filename>
	<path>/home/mobin/PycharmProjects/CI-semester-project/raw_dataset/Necklace_216/3ad1d3eda7c2a634.jpg</path>
	<source>
		<database>Unknown</database>
	</source>
	<size>
		<width>216</width>
		<height>216</height>
		<depth>3</depth>
	</size>
	<segmented>0</segmented>
	<object>
		<name>Necklace</name>
		<pose>Unspecified</pose>
		<truncated>0</truncated>
		<difficult>0</difficult>
		<bndbox>
			<xmin>54</xmin>
			<ymin>92</ymin>
			<xmax>130</xmax>
			<ymax>144</ymax>
		</bndbox>
	</object>
</annotation>
