<annotation>
	<folder>Crown_216</folder>
	<filename>3b7018bb2c55c87e.jpg</filename>
	<path>/home/mobin/PycharmProjects/CI-semester-project/raw_dataset/Crown_216/3b7018bb2c55c87e.jpg</path>
	<source>
		<database>Unknown</database>
	</source>
	<size>
		<width>216</width>
		<height>216</height>
		<depth>3</depth>
	</size>
	<segmented>0</segmented>
	<object>
		<name>Crown</name>
		<pose>Unspecified</pose>
		<truncated>0</truncated>
		<difficult>0</difficult>
		<bndbox>
			<xmin>90</xmin>
			<ymin>39</ymin>
			<xmax>123</xmax>
			<ymax>84</ymax>
		</bndbox>
	</object>
</annotation>
