<annotation>
	<folder>Necklace_216</folder>
	<filename>3bc4af889077f50f.jpg</filename>
	<path>/home/mobin/PycharmProjects/CI-semester-project/raw_dataset/Necklace_216/3bc4af889077f50f.jpg</path>
	<source>
		<database>Unknown</database>
	</source>
	<size>
		<width>216</width>
		<height>216</height>
		<depth>3</depth>
	</size>
	<segmented>0</segmented>
	<object>
		<name>Necklace</name>
		<pose>Unspecified</pose>
		<truncated>0</truncated>
		<difficult>0</difficult>
		<bndbox>
			<xmin>105</xmin>
			<ymin>124</ymin>
			<xmax>142</xmax>
			<ymax>174</ymax>
		</bndbox>
	</object>
</annotation>
