<annotation>
	<folder>Crown_216</folder>
	<filename>3c05f5119cde8ce6.jpg</filename>
	<path>/home/mobin/PycharmProjects/CI-semester-project/raw_dataset/Crown_216/3c05f5119cde8ce6.jpg</path>
	<source>
		<database>Unknown</database>
	</source>
	<size>
		<width>216</width>
		<height>216</height>
		<depth>3</depth>
	</size>
	<segmented>0</segmented>
	<object>
		<name>Crown</name>
		<pose>Unspecified</pose>
		<truncated>0</truncated>
		<difficult>0</difficult>
		<bndbox>
			<xmin>116</xmin>
			<ymin>30</ymin>
			<xmax>193</xmax>
			<ymax>76</ymax>
		</bndbox>
	</object>
	<object>
		<name>Crown</name>
		<pose>Unspecified</pose>
		<truncated>0</truncated>
		<difficult>0</difficult>
		<bndbox>
			<xmin>36</xmin>
			<ymin>37</ymin>
			<xmax>84</xmax>
			<ymax>67</ymax>
		</bndbox>
	</object>
</annotation>
