<annotation>
	<folder>Crown_216</folder>
	<filename>3ddd11b61987bffb.jpg</filename>
	<path>/home/mobin/PycharmProjects/CI-semester-project/raw_dataset/Crown_216/3ddd11b61987bffb.jpg</path>
	<source>
		<database>Unknown</database>
	</source>
	<size>
		<width>216</width>
		<height>216</height>
		<depth>3</depth>
	</size>
	<segmented>0</segmented>
	<object>
		<name>Crown</name>
		<pose>Unspecified</pose>
		<truncated>0</truncated>
		<difficult>0</difficult>
		<bndbox>
			<xmin>111</xmin>
			<ymin>50</ymin>
			<xmax>151</xmax>
			<ymax>79</ymax>
		</bndbox>
	</object>
	<object>
		<name>Crown</name>
		<pose>Unspecified</pose>
		<truncated>0</truncated>
		<difficult>0</difficult>
		<bndbox>
			<xmin>73</xmin>
			<ymin>43</ymin>
			<xmax>108</xmax>
			<ymax>81</ymax>
		</bndbox>
	</object>
</annotation>
