<annotation>
	<folder>Shirt_216</folder>
	<filename>3f0b4c535df26f6c.jpg</filename>
	<path>/home/mobin/PycharmProjects/CI-semester-project/raw_dataset/Shirt_216/3f0b4c535df26f6c.jpg</path>
	<source>
		<database>Unknown</database>
	</source>
	<size>
		<width>216</width>
		<height>216</height>
		<depth>3</depth>
	</size>
	<segmented>0</segmented>
	<object>
		<name>Shirt</name>
		<pose>Unspecified</pose>
		<truncated>1</truncated>
		<difficult>0</difficult>
		<bndbox>
			<xmin>114</xmin>
			<ymin>94</ymin>
			<xmax>200</xmax>
			<ymax>216</ymax>
		</bndbox>
	</object>
	<object>
		<name>Shirt</name>
		<pose>Unspecified</pose>
		<truncated>1</truncated>
		<difficult>0</difficult>
		<bndbox>
			<xmin>2</xmin>
			<ymin>96</ymin>
			<xmax>104</xmax>
			<ymax>216</ymax>
		</bndbox>
	</object>
</annotation>
