<annotation>
	<folder>Necklace_216</folder>
	<filename>3f996f5e00ca7e4e.jpg</filename>
	<path>/home/mobin/PycharmProjects/CI-semester-project/raw_dataset/Necklace_216/3f996f5e00ca7e4e.jpg</path>
	<source>
		<database>Unknown</database>
	</source>
	<size>
		<width>216</width>
		<height>216</height>
		<depth>3</depth>
	</size>
	<segmented>0</segmented>
	<object>
		<name>Necklace</name>
		<pose>Unspecified</pose>
		<truncated>0</truncated>
		<difficult>0</difficult>
		<bndbox>
			<xmin>152</xmin>
			<ymin>92</ymin>
			<xmax>182</xmax>
			<ymax>126</ymax>
		</bndbox>
	</object>
</annotation>
