<annotation>
	<folder>Shirt_216</folder>
	<filename>4eaa9db08008a802.jpg</filename>
	<path>/home/mobin/PycharmProjects/CI-semester-project/raw_dataset/Shirt_216/4eaa9db08008a802.jpg</path>
	<source>
		<database>Unknown</database>
	</source>
	<size>
		<width>216</width>
		<height>216</height>
		<depth>3</depth>
	</size>
	<segmented>0</segmented>
	<object>
		<name>Shirt</name>
		<pose>Unspecified</pose>
		<truncated>0</truncated>
		<difficult>0</difficult>
		<bndbox>
			<xmin>87</xmin>
			<ymin>88</ymin>
			<xmax>168</xmax>
			<ymax>191</ymax>
		</bndbox>
	</object>
	<object>
		<name>Shirt</name>
		<pose>Unspecified</pose>
		<truncated>0</truncated>
		<difficult>0</difficult>
		<bndbox>
			<xmin>9</xmin>
			<ymin>79</ymin>
			<xmax>90</xmax>
			<ymax>207</ymax>
		</bndbox>
	</object>
</annotation>
