<annotation>
	<folder>Boot_216</folder>
	<filename>4eb5564df30637d4.jpg</filename>
	<path>/home/mobin/PycharmProjects/CI-semester-project/raw_dataset/Boot_216/4eb5564df30637d4.jpg</path>
	<source>
		<database>Unknown</database>
	</source>
	<size>
		<width>216</width>
		<height>216</height>
		<depth>3</depth>
	</size>
	<segmented>0</segmented>
	<object>
		<name>Boot</name>
		<pose>Unspecified</pose>
		<truncated>0</truncated>
		<difficult>0</difficult>
		<bndbox>
			<xmin>53</xmin>
			<ymin>93</ymin>
			<xmax>163</xmax>
			<ymax>206</ymax>
		</bndbox>
	</object>
</annotation>
