<annotation>
	<folder>Shirt_216</folder>
	<filename>6b6f004ddbbb34f0.jpg</filename>
	<path>/home/mobin/PycharmProjects/CI-semester-project/raw_dataset/Shirt_216/6b6f004ddbbb34f0.jpg</path>
	<source>
		<database>Unknown</database>
	</source>
	<size>
		<width>216</width>
		<height>216</height>
		<depth>3</depth>
	</size>
	<segmented>0</segmented>
	<object>
		<name>Shirt</name>
		<pose>Unspecified</pose>
		<truncated>1</truncated>
		<difficult>0</difficult>
		<bndbox>
			<xmin>24</xmin>
			<ymin>91</ymin>
			<xmax>159</xmax>
			<ymax>216</ymax>
		</bndbox>
	</object>
</annotation>
