<annotation>
	<folder>Shirt_216</folder>
	<filename>6e27e74940549b52.jpg</filename>
	<path>/home/mobin/PycharmProjects/CI-semester-project/raw_dataset/Shirt_216/6e27e74940549b52.jpg</path>
	<source>
		<database>Unknown</database>
	</source>
	<size>
		<width>216</width>
		<height>216</height>
		<depth>3</depth>
	</size>
	<segmented>0</segmented>
	<object>
		<name>Shirt</name>
		<pose>Unspecified</pose>
		<truncated>1</truncated>
		<difficult>0</difficult>
		<bndbox>
			<xmin>56</xmin>
			<ymin>67</ymin>
			<xmax>216</xmax>
			<ymax>204</ymax>
		</bndbox>
	</object>
</annotation>
