<annotation>
	<folder>Shirt_216</folder>
	<filename>6e2a07669e8b4b67.jpg</filename>
	<path>/home/mobin/PycharmProjects/CI-semester-project/raw_dataset/Shirt_216/6e2a07669e8b4b67.jpg</path>
	<source>
		<database>Unknown</database>
	</source>
	<size>
		<width>216</width>
		<height>216</height>
		<depth>3</depth>
	</size>
	<segmented>0</segmented>
	<object>
		<name>Shirt</name>
		<pose>Unspecified</pose>
		<truncated>0</truncated>
		<difficult>0</difficult>
		<bndbox>
			<xmin>133</xmin>
			<ymin>42</ymin>
			<xmax>212</xmax>
			<ymax>209</ymax>
		</bndbox>
	</object>
	<object>
		<name>Shirt</name>
		<pose>Unspecified</pose>
		<truncated>0</truncated>
		<difficult>0</difficult>
		<bndbox>
			<xmin>74</xmin>
			<ymin>76</ymin>
			<xmax>103</xmax>
			<ymax>148</ymax>
		</bndbox>
	</object>
</annotation>
