<annotation>
	<folder>Shirt_216</folder>
	<filename>6fa659fe53ff0a2c.jpg</filename>
	<path>/home/mobin/PycharmProjects/CI-semester-project/raw_dataset/Shirt_216/6fa659fe53ff0a2c.jpg</path>
	<source>
		<database>Unknown</database>
	</source>
	<size>
		<width>216</width>
		<height>216</height>
		<depth>3</depth>
	</size>
	<segmented>0</segmented>
	<object>
		<name>Shirt</name>
		<pose>Unspecified</pose>
		<truncated>0</truncated>
		<difficult>0</difficult>
		<bndbox>
			<xmin>66</xmin>
			<ymin>79</ymin>
			<xmax>144</xmax>
			<ymax>193</ymax>
		</bndbox>
	</object>
</annotation>
